{
  "sunny": {
    "mAP": 0.013499999999999998,
    "precision": 0.009,
    "recall": 0.018
  },
  "overcast": {
    "mAP": 0.013499999999999998,
    "precision": 0.009,
    "recall": 0.018
  },
  "snowy": {
    "mAP": 0.0075,
    "precision": 0.005,
    "recall": 0.01
  },
  "night": {
    "mAP": 0.013499999999999998,
    "precision": 0.009,
    "recall": 0.018
  }
}