{
  "experiences": [
    0,
    1,
    2,
    3
  ],
  "metrics": [],
  "timestamps": [
    1756966232.65754,
    1756966282.9284034,
    1756966326.896939,
    1756966371.9417827
  ]
}